diagnosis,range,mean,median,sd
B,6.981-17.85,12.14652380952381,12.2,1.7805116461410389
M,10.95-28.11,17.462830188679245,17.325000000000003,3.2039711007793663
